,year,month,monthly_anomaly,monthly_anomaly_unc,dt
0,1964.5,6.5,-0.03609166666666667,0.09167499999999999,1965.0416666666667
1,1964.5833333333333,6.5,-0.035175000000000005,0.09115,1965.125
2,1964.6666666666667,6.5,-0.035416666666666666,0.0903,1965.2083333333333
3,1964.75,6.5,-0.026808333333333344,0.091075,1965.2916666666667
4,1964.8333333333333,6.5,-0.02252500000000001,0.09120833333333334,1965.375
5,1964.9166666666667,6.5,-0.019641666666666675,0.09099166666666667,1965.4583333333333
6,1965.0,6.5,-0.018883333333333342,0.09110833333333333,1965.5416666666667
7,1965.0833333333333,6.5,-0.01686666666666668,0.09089166666666666,1965.625
8,1965.1666666666667,6.5,-0.01808333333333334,0.09060833333333335,1965.7083333333333
9,1965.25,6.5,-0.01642500000000001,0.09065833333333333,1965.7916666666667
10,1965.3333333333333,6.5,-0.017100000000000004,0.0907,1965.875
11,1965.4166666666667,6.5,-0.015241666666666672,0.08959166666666667,1965.9583333333333
12,1965.5,6.5,-0.021516666666666674,0.08913333333333333,1966.0416666666667
13,1965.5833333333333,6.5,-0.021233333333333337,0.08924166666666666,1966.125
14,1965.6666666666667,6.5,-0.028008333333333333,0.08922500000000001,1966.2083333333333
15,1965.75,6.5,-0.03215833333333333,0.08890833333333334,1966.2916666666667
16,1965.8333333333333,6.5,-0.03452500000000001,0.08874166666666666,1966.375
17,1965.9166666666667,6.5,-0.03771666666666667,0.088525,1966.4583333333333
18,1966.0,6.5,-0.042275,0.08813333333333334,1966.5416666666667
19,1966.0833333333333,6.5,-0.043250000000000004,0.08825,1966.625
20,1966.1666666666667,6.5,-0.04283333333333334,0.087825,1966.7083333333333
21,1966.25,6.5,-0.043391666666666676,0.08845,1966.7916666666667
22,1966.3333333333333,6.5,-0.042716666666666674,0.08843333333333332,1966.875
23,1966.4166666666667,6.5,-0.041825,0.08813333333333333,1966.9583333333333
24,1966.5,6.5,-0.03858333333333334,0.08763333333333331,1967.0416666666667
25,1966.5833333333333,6.5,-0.04779166666666668,0.08730833333333334,1967.125
26,1966.6666666666667,6.5,-0.05679166666666668,0.08696666666666666,1967.2083333333333
27,1966.75,6.5,-0.059075,0.08735833333333334,1967.2916666666667
28,1966.8333333333333,6.5,-0.06055,0.08649166666666665,1967.375
29,1966.9166666666667,6.5,-0.05993333333333333,0.08645833333333333,1967.4583333333333
30,1967.0,6.5,-0.05933333333333334,0.08681666666666667,1967.5416666666667
31,1967.0833333333333,6.5,-0.058866666666666664,0.08689166666666666,1967.625
32,1967.1666666666667,6.5,-0.054625,0.08648333333333333,1967.7083333333333
33,1967.25,6.5,-0.055025,0.08692499999999999,1967.7916666666667
34,1967.3333333333333,6.5,-0.055766666666666666,0.0869,1967.875
35,1967.4166666666667,6.5,-0.05945833333333333,0.08673333333333333,1967.9583333333333
36,1967.5,6.5,-0.06018333333333333,0.08620833333333335,1968.0416666666667
37,1967.5833333333333,6.5,-0.05884166666666667,0.08580833333333332,1968.125
38,1967.6666666666667,6.5,-0.05995833333333333,0.08605833333333333,1968.2083333333333
39,1967.75,6.5,-0.0535,0.08581666666666665,1968.2916666666667
40,1967.8333333333333,6.5,-0.046708333333333324,0.08609166666666666,1968.375
41,1967.9166666666667,6.5,-0.040391666666666666,0.08585833333333334,1968.4583333333333
42,1968.0,6.5,-0.036475,0.08526666666666666,1968.5416666666667
43,1968.0833333333333,6.5,-0.03664166666666666,0.08502499999999999,1968.625
44,1968.1666666666667,6.5,-0.03994166666666666,0.08529166666666667,1968.7083333333333
45,1968.25,6.5,-0.04320833333333333,0.08447500000000001,1968.7916666666667
46,1968.3333333333333,6.5,-0.04558333333333333,0.08505,1968.875
47,1968.4166666666667,6.5,-0.047591666666666664,0.08460833333333334,1968.9583333333333
48,1968.5,6.5,-0.0465,0.084375,1969.0416666666667
49,1968.5833333333333,6.5,-0.05079999999999999,0.08413333333333334,1969.125
50,1968.6666666666667,6.5,-0.054575,0.08388333333333332,1969.2083333333333
51,1968.75,6.5,-0.05142499999999999,0.08368333333333333,1969.2916666666667
52,1968.8333333333333,6.5,-0.047233333333333336,0.08380833333333332,1969.375
53,1968.9166666666667,6.5,-0.04471666666666666,0.08371666666666666,1969.4583333333333
54,1969.0,6.5,-0.045224999999999994,0.08356666666666665,1969.5416666666667
55,1969.0833333333333,6.5,-0.04509166666666666,0.08349166666666666,1969.625
56,1969.1666666666667,6.5,-0.04173333333333333,0.08298333333333333,1969.7083333333333
57,1969.25,6.5,-0.04005,0.0832,1969.7916666666667
58,1969.3333333333333,6.5,-0.037083333333333336,0.08355,1969.875
59,1969.4166666666667,6.5,-0.03750833333333333,0.08368333333333332,1969.9583333333333
60,1969.5,6.5,-0.036333333333333336,0.08417499999999999,1970.0416666666667
61,1969.5833333333333,6.5,-0.034416666666666665,0.08434166666666668,1970.125
62,1969.6666666666667,6.5,-0.030966666666666667,0.08425833333333334,1970.2083333333333
63,1969.75,6.5,-0.026183333333333336,0.08449166666666666,1970.2916666666667
64,1969.8333333333333,6.5,-0.020775000000000002,0.08504166666666665,1970.375
65,1969.9166666666667,6.5,-0.01590833333333333,0.08514166666666667,1970.4583333333333
66,1970.0,6.5,-0.013608333333333333,0.08499166666666666,1970.5416666666667
67,1970.0833333333333,6.5,-0.011041666666666665,0.084275,1970.625
68,1970.1666666666667,6.5,-0.013516666666666666,0.08506666666666667,1970.7083333333333
69,1970.25,6.5,-0.00968333333333333,0.084425,1970.7916666666667
70,1970.3333333333333,6.5,-0.010875,0.08440833333333335,1970.875
71,1970.4166666666667,6.5,-0.010216666666666662,0.08400833333333332,1970.9583333333333
72,1970.5,6.5,-0.010750000000000001,0.08407499999999998,1971.0416666666667
73,1970.5833333333333,6.5,-0.007141666666666665,0.08419166666666666,1971.125
74,1970.6666666666667,6.5,-0.008841666666666664,0.083975,1971.2083333333333
75,1970.75,6.5,-0.017166666666666667,0.08355,1971.2916666666667
76,1970.8333333333333,6.5,-0.015975,0.08328333333333333,1971.375
77,1970.9166666666667,6.5,-0.018058333333333336,0.08325833333333334,1971.4583333333333
78,1971.0,6.5,-0.021566666666666665,0.08309166666666666,1971.5416666666667
79,1971.0833333333333,6.5,-0.024724999999999997,0.08415833333333333,1971.625
80,1971.1666666666667,6.5,-0.026449999999999998,0.08535000000000001,1971.7083333333333
81,1971.25,6.5,-0.028225000000000004,0.08499166666666666,1971.7916666666667
82,1971.3333333333333,6.5,-0.03283333333333333,0.085275,1971.875
83,1971.4166666666667,6.5,-0.03500833333333333,0.08518333333333333,1971.9583333333333
84,1971.5,6.5,-0.03220833333333334,0.08519166666666665,1972.0416666666667
85,1971.5833333333333,6.5,-0.03375000000000001,0.08520833333333333,1972.125
86,1971.6666666666667,6.5,-0.028800000000000003,0.08531666666666667,1972.2083333333333
87,1971.75,6.5,-0.02611666666666667,0.08521666666666666,1972.2916666666667
88,1971.8333333333333,6.5,-0.022400000000000007,0.08525,1972.375
89,1971.9166666666667,6.5,-0.020991666666666672,0.085725,1972.4583333333333
90,1972.0,6.5,-0.0148,0.08557499999999998,1972.5416666666667
91,1972.0833333333333,6.5,-0.012141666666666667,0.08522500000000001,1972.625
92,1972.1666666666667,6.5,-0.008650000000000001,0.08502499999999999,1972.7083333333333
93,1972.25,6.5,-0.010091666666666665,0.08487499999999999,1972.7916666666667
94,1972.3333333333333,6.5,-0.014966666666666666,0.08537499999999999,1972.875
95,1972.4166666666667,6.5,-0.011591666666666665,0.08529166666666667,1972.9583333333333
96,1972.5,6.5,-0.012441666666666669,0.08576666666666664,1973.0416666666667
97,1972.5833333333333,6.5,-0.008941666666666665,0.086075,1973.125
98,1972.6666666666667,6.5,-0.006608333333333335,0.08626666666666667,1973.2083333333333
99,1972.75,6.5,-0.010591666666666666,0.08615,1973.2916666666667
100,1972.8333333333333,6.5,-0.007466666666666666,0.08626666666666667,1973.375
101,1972.9166666666667,6.5,-0.004041666666666666,0.08623333333333333,1973.4583333333333
102,1973.0,6.5,-0.004041666666666666,0.08567499999999999,1973.5416666666667
103,1973.0833333333333,6.5,-0.0002833333333333345,0.0859,1973.625
104,1973.1666666666667,6.5,-0.0017166666666666626,0.08593333333333333,1973.7083333333333
105,1973.25,6.5,0.002475000000000005,0.085575,1973.7916666666667
106,1973.3333333333333,6.5,0.0017916666666666693,0.08537499999999999,1973.875
107,1973.4166666666667,6.5,0.005999999999999999,0.08585,1973.9583333333333
108,1973.5,6.5,0.010683333333333333,0.08633333333333333,1974.0416666666667
109,1973.5833333333333,6.5,0.016983333333333336,0.08626666666666667,1974.125
110,1973.6666666666667,6.5,0.020691666666666667,0.08620833333333335,1974.2083333333333
111,1973.75,6.5,0.024191666666666667,0.08600833333333333,1974.2916666666667
112,1973.8333333333333,6.5,0.02356666666666667,0.08624166666666667,1974.375
113,1973.9166666666667,6.5,0.021883333333333328,0.08646666666666666,1974.4583333333333
114,1974.0,6.5,0.02175,0.08698333333333333,1974.5416666666667
115,1974.0833333333333,6.5,0.020849999999999997,0.08635833333333333,1974.625
116,1974.1666666666667,6.5,0.021158333333333335,0.08625833333333333,1974.7083333333333
117,1974.25,6.5,0.023324999999999995,0.08575833333333334,1974.7916666666667
118,1974.3333333333333,6.5,0.024325,0.08609166666666666,1974.875
119,1974.4166666666667,6.5,0.023558333333333334,0.08619166666666667,1974.9583333333333
120,1974.5,6.5,0.027033333333333336,0.08625833333333333,1975.0416666666667
121,1974.5833333333333,6.5,0.028408333333333338,0.08640833333333334,1975.125
122,1974.6666666666667,6.5,0.027908333333333337,0.08665833333333334,1975.2083333333333
123,1974.75,6.5,0.028591666666666675,0.08615833333333334,1975.2916666666667
124,1974.8333333333333,6.5,0.03145833333333334,0.08645833333333333,1975.375
125,1974.9166666666667,6.5,0.036466666666666675,0.08616666666666667,1975.4583333333333
126,1975.0,6.5,0.037283333333333335,0.08616666666666667,1975.5416666666667
127,1975.0833333333333,6.5,0.04017500000000001,0.08690833333333334,1975.625
128,1975.1666666666667,6.5,0.044675000000000006,0.08763333333333333,1975.7083333333333
129,1975.25,6.5,0.04521666666666668,0.08755833333333335,1975.7916666666667
130,1975.3333333333333,6.5,0.04677500000000001,0.087375,1975.875
131,1975.4166666666667,6.5,0.05248333333333335,0.08719166666666668,1975.9583333333333
132,1975.5,6.5,0.05711666666666668,0.08720833333333333,1976.0416666666667
133,1975.5833333333333,6.5,0.06443333333333334,0.086925,1976.125
134,1975.6666666666667,6.5,0.07445833333333335,0.08634166666666668,1976.2083333333333
135,1975.75,6.5,0.08445833333333334,0.08615,1976.2916666666667
136,1975.8333333333333,6.5,0.08953333333333333,0.08631666666666665,1976.375
137,1975.9166666666667,6.5,0.09231666666666666,0.08643333333333333,1976.4583333333333
138,1976.0,6.5,0.09793333333333333,0.08644166666666667,1976.5416666666667
139,1976.0833333333333,6.5,0.10279166666666667,0.08626666666666667,1976.625
140,1976.1666666666667,6.5,0.10836666666666667,0.08624166666666667,1976.7083333333333
141,1976.25,6.5,0.10913333333333333,0.08586666666666667,1976.7916666666667
142,1976.3333333333333,6.5,0.10922499999999999,0.08600000000000001,1976.875
143,1976.4166666666667,6.5,0.10915000000000001,0.08622500000000001,1976.9583333333333
144,1976.5,6.5,0.1151,0.086725,1977.0416666666667
145,1976.5833333333333,6.5,0.12111666666666666,0.08689166666666666,1977.125
146,1976.6666666666667,6.5,0.12751666666666667,0.08705833333333332,1977.2083333333333
147,1976.75,6.5,0.12493333333333334,0.08631666666666667,1977.2916666666667
148,1976.8333333333333,6.5,0.126275,0.086625,1977.375
149,1976.9166666666667,6.5,0.12805,0.08674166666666668,1977.4583333333333
150,1977.0,6.5,0.12655833333333336,0.08633333333333333,1977.5416666666667
151,1977.0833333333333,6.5,0.12931666666666666,0.08618333333333332,1977.625
152,1977.1666666666667,6.5,0.12625,0.08580833333333333,1977.7083333333333
153,1977.25,6.5,0.12755,0.08521666666666666,1977.7916666666667
154,1977.3333333333333,6.5,0.12701666666666667,0.08443333333333332,1977.875
155,1977.4166666666667,6.5,0.12885000000000002,0.08532500000000001,1977.9583333333333
156,1977.5,6.5,0.13386666666666666,0.08589166666666666,1978.0416666666667
157,1977.5833333333333,6.5,0.13751666666666665,0.08599166666666666,1978.125
158,1977.6666666666667,6.5,0.13758333333333334,0.08605833333333332,1978.2083333333333
159,1977.75,6.5,0.13628333333333334,0.0859,1978.2916666666667
160,1977.8333333333333,6.5,0.13425833333333334,0.08525,1978.375
161,1977.9166666666667,6.5,0.13404166666666667,0.08578333333333334,1978.4583333333333
162,1978.0,6.5,0.13131666666666666,0.08614166666666666,1978.5416666666667
163,1978.0833333333333,6.5,0.13105,0.08611666666666666,1978.625
164,1978.1666666666667,6.5,0.13460833333333333,0.08595,1978.7083333333333
165,1978.25,6.5,0.13949999999999999,0.08649166666666665,1978.7916666666667
166,1978.3333333333333,6.5,0.13876666666666668,0.08608333333333332,1978.875
167,1978.4166666666667,6.5,0.14337499999999997,0.08611666666666666,1978.9583333333333
168,1978.5,6.5,0.14366666666666666,0.08595833333333333,1979.0416666666667
169,1978.5833333333333,6.5,0.1493583333333333,0.0858,1979.125
170,1978.6666666666667,6.5,0.1539083333333333,0.08616666666666667,1979.2083333333333
171,1978.75,6.5,0.158125,0.08599166666666666,1979.2916666666667
172,1978.8333333333333,6.5,0.158875,0.08635,1979.375
173,1978.9166666666667,6.5,0.1657833333333333,0.08637500000000001,1979.4583333333333
174,1979.0,6.5,0.1656083333333333,0.0864,1979.5416666666667
175,1979.0833333333333,6.5,0.16665,0.08690833333333332,1979.625
176,1979.1666666666667,6.5,0.16593333333333332,0.086925,1979.7083333333333
177,1979.25,6.5,0.16836666666666666,0.086675,1979.7916666666667
178,1979.3333333333333,6.5,0.17071666666666666,0.08653333333333334,1979.875
179,1979.4166666666667,6.5,0.17048333333333332,0.0865,1979.9583333333333
180,1979.5,6.5,0.1676,0.08630833333333335,1980.0416666666667
181,1979.5833333333333,6.5,0.167575,0.08644999999999999,1980.125
182,1979.6666666666667,6.5,0.16164999999999996,0.08630000000000002,1980.2083333333333
183,1979.75,6.5,0.15941666666666665,0.085925,1980.2916666666667
184,1979.8333333333333,6.5,0.15972499999999998,0.08550833333333333,1980.375
185,1979.9166666666667,6.5,0.15722499999999998,0.08508333333333334,1980.4583333333333
186,1980.0,6.5,0.15767499999999998,0.08492499999999999,1980.5416666666667
187,1980.0833333333333,6.5,0.15465,0.08489166666666667,1980.625
188,1980.1666666666667,6.5,0.159425,0.08441666666666665,1980.7083333333333
189,1980.25,6.5,0.15793333333333331,0.08456666666666666,1980.7916666666667
190,1980.3333333333333,6.5,0.15833333333333333,0.084825,1980.875
191,1980.4166666666667,6.5,0.15914999999999999,0.08545833333333333,1980.9583333333333
192,1980.5,6.5,0.16059166666666666,0.08569166666666667,1981.0416666666667
193,1980.5833333333333,6.5,0.16441666666666663,0.08545,1981.125
194,1980.6666666666667,6.5,0.17246666666666666,0.08525,1981.2083333333333
195,1980.75,6.5,0.18319999999999997,0.085175,1981.2916666666667
196,1980.8333333333333,6.5,0.18814999999999998,0.08518333333333332,1981.375
197,1980.9166666666667,6.5,0.193825,0.08468333333333332,1981.4583333333333
198,1981.0,6.5,0.19671666666666665,0.08475833333333332,1981.5416666666667
199,1981.0833333333333,6.5,0.19761666666666666,0.083625,1981.625
200,1981.1666666666667,6.5,0.20146666666666668,0.08216666666666667,1981.7083333333333
201,1981.25,6.5,0.20115,0.08215833333333333,1981.7916666666667
202,1981.3333333333333,6.5,0.20814999999999997,0.08221666666666666,1981.875
203,1981.4166666666667,6.5,0.21055,0.08271666666666667,1981.9583333333333
204,1981.5,6.5,0.21159166666666665,0.082825,1982.0416666666667
205,1981.5833333333333,6.5,0.21731666666666666,0.08289166666666667,1982.125
206,1981.6666666666667,6.5,0.22296666666666665,0.08234999999999999,1982.2083333333333
207,1981.75,6.5,0.21935833333333335,0.08226666666666667,1982.2916666666667
208,1981.8333333333333,6.5,0.21736666666666662,0.08205,1982.375
209,1981.9166666666667,6.5,0.21533333333333332,0.08083333333333333,1982.4583333333333
210,1982.0,6.5,0.21564166666666662,0.08053333333333333,1982.5416666666667
211,1982.0833333333333,6.5,0.21755833333333333,0.08109166666666666,1982.625
212,1982.1666666666667,6.5,0.21585,0.08102499999999999,1982.7083333333333
213,1982.25,6.5,0.22095,0.081275,1982.7916666666667
214,1982.3333333333333,6.5,0.22481666666666664,0.08109999999999999,1982.875
215,1982.4166666666667,6.5,0.22085833333333332,0.08110833333333334,1982.9583333333333
216,1982.5,6.5,0.22699166666666665,0.08080833333333334,1983.0416666666667
217,1982.5833333333333,6.5,0.23333333333333334,0.08061666666666666,1983.125
218,1982.6666666666667,6.5,0.23310833333333333,0.08017500000000002,1983.2083333333333
219,1982.75,6.5,0.23575833333333332,0.08073333333333332,1983.2916666666667
220,1982.8333333333333,6.5,0.2376,0.08024166666666668,1983.375
221,1982.9166666666667,6.5,0.24164166666666667,0.08035833333333334,1983.4583333333333
222,1983.0,6.5,0.24904166666666666,0.08014166666666668,1983.5416666666667
223,1983.0833333333333,6.5,0.25239999999999996,0.079725,1983.625
224,1983.1666666666667,6.5,0.26260833333333333,0.08009166666666667,1983.7083333333333
225,1983.25,6.5,0.26835833333333337,0.08020833333333335,1983.7916666666667
226,1983.3333333333333,6.5,0.27390000000000003,0.08050833333333335,1983.875
227,1983.4166666666667,6.5,0.2735166666666667,0.08011666666666667,1983.9583333333333
228,1983.5,6.5,0.27874166666666667,0.07976666666666668,1984.0416666666667
229,1983.5833333333333,6.5,0.27915000000000006,0.07968333333333334,1984.125
230,1983.6666666666667,6.5,0.28581666666666666,0.07959166666666669,1984.2083333333333
231,1983.75,6.5,0.28882500000000005,0.07966666666666668,1984.2916666666667
232,1983.8333333333333,6.5,0.29095,0.07970000000000001,1984.375
233,1983.9166666666667,6.5,0.2921750000000001,0.07963333333333335,1984.4583333333333
234,1984.0,6.5,0.2926,0.07939166666666668,1984.5416666666667
235,1984.0833333333333,6.5,0.2972166666666667,0.08021666666666667,1984.625
236,1984.1666666666667,6.5,0.2998833333333334,0.08055,1984.7083333333333
237,1984.25,6.5,0.30140000000000006,0.0801,1984.7916666666667
238,1984.3333333333333,6.5,0.30325,0.08024166666666668,1984.875
239,1984.4166666666667,6.5,0.3026666666666667,0.080125,1984.9583333333333
240,1984.5,6.5,0.3018916666666666,0.08046666666666666,1985.0416666666667
241,1984.5833333333333,6.5,0.3045333333333333,0.08065833333333333,1985.125
242,1984.6666666666667,6.5,0.3048083333333333,0.08023333333333334,1985.2083333333333
243,1984.75,6.5,0.3164083333333333,0.08009166666666667,1985.2916666666667
244,1984.8333333333333,6.5,0.31875,0.07965833333333333,1985.375
245,1984.9166666666667,6.5,0.3194416666666667,0.07958333333333334,1985.4583333333333
246,1985.0,6.5,0.32215,0.07909166666666666,1985.5416666666667
247,1985.0833333333333,6.5,0.3225166666666667,0.07885,1985.625
248,1985.1666666666667,6.5,0.32185,0.07801666666666666,1985.7083333333333
249,1985.25,6.5,0.3211,0.07853333333333333,1985.7916666666667
250,1985.3333333333333,6.5,0.323825,0.07871666666666668,1985.875
251,1985.4166666666667,6.5,0.3255583333333333,0.07924166666666667,1985.9583333333333
252,1985.5,6.5,0.32895,0.07944166666666667,1986.0416666666667
253,1985.5833333333333,6.5,0.3244083333333333,0.07980000000000001,1986.125
254,1985.6666666666667,6.5,0.3248833333333333,0.07994166666666666,1986.2083333333333
255,1985.75,6.5,0.31976666666666664,0.08019166666666667,1986.2916666666667
256,1985.8333333333333,6.5,0.32285,0.08005000000000001,1986.375
257,1985.9166666666667,6.5,0.323775,0.07996666666666667,1986.4583333333333
258,1986.0,6.5,0.328175,0.08033333333333334,1986.5416666666667
259,1986.0833333333333,6.5,0.33049999999999996,0.08028333333333333,1986.625
260,1986.1666666666667,6.5,0.32863333333333333,0.08031666666666668,1986.7083333333333
261,1986.25,6.5,0.332625,0.07993333333333334,1986.7916666666667
262,1986.3333333333333,6.5,0.3360666666666667,0.07968333333333334,1986.875
263,1986.4166666666667,6.5,0.33760833333333334,0.07921666666666667,1986.9583333333333
264,1986.5,6.5,0.33397499999999997,0.079025,1987.0416666666667
265,1986.5833333333333,6.5,0.34262499999999996,0.07885,1987.125
266,1986.6666666666667,6.5,0.3475,0.07889166666666667,1987.2083333333333
267,1986.75,6.5,0.35606666666666664,0.07953333333333333,1987.2916666666667
268,1986.8333333333333,6.5,0.35692500000000005,0.07910833333333335,1987.375
269,1986.9166666666667,6.5,0.3584583333333333,0.078925,1987.4583333333333
270,1987.0,6.5,0.36102499999999993,0.07876666666666667,1987.5416666666667
271,1987.0833333333333,6.5,0.3576416666666667,0.07881666666666667,1987.625
272,1987.1666666666667,6.5,0.35739166666666666,0.07938333333333333,1987.7083333333333
273,1987.25,6.5,0.3541333333333333,0.07983333333333334,1987.7916666666667
274,1987.3333333333333,6.5,0.3553666666666667,0.080625,1987.875
275,1987.4166666666667,6.5,0.3544833333333333,0.07965833333333333,1987.9583333333333
276,1987.5,6.5,0.35211666666666663,0.07906666666666666,1988.0416666666667
277,1987.5833333333333,6.5,0.3507166666666667,0.07944166666666666,1988.125
278,1987.6666666666667,6.5,0.35041666666666665,0.07909166666666666,1988.2083333333333
279,1987.75,6.5,0.3523833333333333,0.07905,1988.2916666666667
280,1987.8333333333333,6.5,0.35227499999999995,0.07915000000000001,1988.375
281,1987.9166666666667,6.5,0.3501916666666667,0.07902499999999998,1988.4583333333333
282,1988.0,6.5,0.35068333333333335,0.07885,1988.5416666666667
283,1988.0833333333333,6.5,0.35202500000000003,0.07871666666666667,1988.625
284,1988.1666666666667,6.5,0.3481333333333333,0.07836666666666667,1988.7083333333333
285,1988.25,6.5,0.341875,0.07795833333333334,1988.7916666666667
286,1988.3333333333333,6.5,0.34302499999999997,0.0779,1988.875
287,1988.4166666666667,6.5,0.3345416666666666,0.07803333333333334,1988.9583333333333
288,1988.5,6.5,0.336225,0.07818333333333333,1989.0416666666667
289,1988.5833333333333,6.5,0.33715,0.07840833333333333,1989.125
290,1988.6666666666667,6.5,0.33503333333333335,0.07827500000000001,1989.2083333333333
291,1988.75,6.5,0.3356166666666667,0.07848333333333332,1989.2916666666667
292,1988.8333333333333,6.5,0.3407083333333334,0.077775,1989.375
293,1988.9166666666667,6.5,0.33810833333333334,0.07786666666666668,1989.4583333333333
294,1989.0,6.5,0.3447583333333333,0.07794999999999999,1989.5416666666667
295,1989.0833333333333,6.5,0.34699166666666664,0.07774166666666667,1989.625
296,1989.1666666666667,6.5,0.3472083333333333,0.07764166666666666,1989.7083333333333
297,1989.25,6.5,0.351275,0.07752500000000001,1989.7916666666667
298,1989.3333333333333,6.5,0.35654166666666665,0.07759166666666667,1989.875
299,1989.4166666666667,6.5,0.3647583333333333,0.07761666666666667,1989.9583333333333
300,1989.5,6.5,0.3726916666666666,0.07749999999999999,1990.0416666666667
301,1989.5833333333333,6.5,0.37727499999999997,0.07751666666666666,1990.125
302,1989.6666666666667,6.5,0.39389166666666664,0.07751666666666666,1990.2083333333333
303,1989.75,6.5,0.3982166666666666,0.07769999999999998,1990.2916666666667
304,1989.8333333333333,6.5,0.4013999999999999,0.07749166666666667,1990.375
305,1989.9166666666667,6.5,0.40265,0.07738333333333333,1990.4583333333333
306,1990.0,6.5,0.4073833333333333,0.07775833333333333,1990.5416666666667
307,1990.0833333333333,6.5,0.416775,0.07757499999999999,1990.625
308,1990.1666666666667,6.5,0.421575,0.07762499999999999,1990.7083333333333
309,1990.25,6.5,0.42679999999999996,0.07715833333333334,1990.7916666666667
310,1990.3333333333333,6.5,0.43295833333333333,0.07684166666666666,1990.875
311,1990.4166666666667,6.5,0.43948333333333334,0.07641666666666666,1990.9583333333333
312,1990.5,6.5,0.44195000000000007,0.07611666666666667,1991.0416666666667
313,1990.5833333333333,6.5,0.43842499999999995,0.07607499999999999,1991.125
314,1990.6666666666667,6.5,0.4383333333333333,0.07625833333333333,1991.2083333333333
315,1990.75,6.5,0.43629999999999997,0.0766,1991.2916666666667
316,1990.8333333333333,6.5,0.434825,0.076525,1991.375
317,1990.9166666666667,6.5,0.43464166666666665,0.07641666666666665,1991.4583333333333
318,1991.0,6.5,0.4368166666666666,0.07617499999999998,1991.5416666666667
319,1991.0833333333333,6.5,0.4412666666666666,0.07592499999999999,1991.625
320,1991.1666666666667,6.5,0.44634999999999997,0.07616666666666666,1991.7083333333333
321,1991.25,6.5,0.450325,0.076375,1991.7916666666667
322,1991.3333333333333,6.5,0.45169999999999993,0.07582499999999999,1991.875
323,1991.4166666666667,6.5,0.45652499999999996,0.07544999999999999,1991.9583333333333
324,1991.5,6.5,0.4609916666666667,0.07514166666666666,1992.0416666666667
325,1991.5833333333333,6.5,0.4609416666666667,0.07529166666666667,1992.125
326,1991.6666666666667,6.5,0.45777500000000004,0.07542499999999999,1992.2083333333333
327,1991.75,6.5,0.4632833333333333,0.07537499999999998,1992.2916666666667
328,1991.8333333333333,6.5,0.465575,0.07565833333333334,1992.375
329,1991.9166666666667,6.5,0.4660583333333334,0.0757,1992.4583333333333
330,1992.0,6.5,0.46785000000000004,0.07583333333333334,1992.5416666666667
331,1992.0833333333333,6.5,0.4647666666666667,0.07530833333333332,1992.625
332,1992.1666666666667,6.5,0.4673666666666667,0.07518333333333334,1992.7083333333333
333,1992.25,6.5,0.46895833333333337,0.07483333333333332,1992.7916666666667
334,1992.3333333333333,6.5,0.47300000000000003,0.07451666666666666,1992.875
335,1992.4166666666667,6.5,0.4797166666666667,0.07469166666666667,1992.9583333333333
336,1992.5,6.5,0.4791916666666667,0.07460833333333333,1993.0416666666667
337,1992.5833333333333,6.5,0.47845,0.07473333333333333,1993.125
338,1992.6666666666667,6.5,0.49020833333333336,0.0749,1993.2083333333333
339,1992.75,6.5,0.490725,0.07429166666666666,1993.2916666666667
340,1992.8333333333333,6.5,0.49346666666666666,0.07430833333333334,1993.375
341,1992.9166666666667,6.5,0.496975,0.07413333333333333,1993.4583333333333
342,1993.0,6.5,0.500725,0.07421666666666665,1993.5416666666667
343,1993.0833333333333,6.5,0.5053416666666667,0.07411666666666666,1993.625
344,1993.1666666666667,6.5,0.5083333333333333,0.07345,1993.7083333333333
345,1993.25,6.5,0.5078083333333333,0.07292499999999999,1993.7916666666667
346,1993.3333333333333,6.5,0.5074916666666667,0.07275833333333334,1993.875
347,1993.4166666666667,6.5,0.50845,0.07268333333333334,1993.9583333333333
348,1993.5,6.5,0.5111916666666667,0.0727,1994.0416666666667
349,1993.5833333333333,6.5,0.5184583333333334,0.07291666666666667,1994.125
350,1993.6666666666667,6.5,0.52715,0.07312500000000002,1994.2083333333333
351,1993.75,6.5,0.5248916666666666,0.073375,1994.2916666666667
352,1993.8333333333333,6.5,0.5254916666666667,0.07301666666666667,1994.375
353,1993.9166666666667,6.5,0.5287666666666666,0.07265833333333334,1994.4583333333333
354,1994.0,6.5,0.5336333333333333,0.072325,1994.5416666666667
355,1994.0833333333333,6.5,0.5353083333333333,0.07172500000000001,1994.625
356,1994.1666666666667,6.5,0.5368666666666667,0.07125833333333334,1994.7083333333333
357,1994.25,6.5,0.5393833333333333,0.071175,1994.7916666666667
358,1994.3333333333333,6.5,0.5411083333333333,0.07115833333333335,1994.875
359,1994.4166666666667,6.5,0.5445583333333334,0.07109166666666668,1994.9583333333333
360,1994.5,6.5,0.5453500000000001,0.07070833333333333,1995.0416666666667
361,1994.5833333333333,6.5,0.5429999999999999,0.07063333333333333,1995.125
362,1994.6666666666667,6.5,0.54715,0.07068333333333335,1995.2083333333333
363,1994.75,6.5,0.5426083333333334,0.07055833333333332,1995.2916666666667
364,1994.8333333333333,6.5,0.5457250000000001,0.07047500000000001,1995.375
365,1994.9166666666667,6.5,0.545975,0.070475,1995.4583333333333
366,1995.0,6.5,0.5474,0.07047500000000001,1995.5416666666667
367,1995.0833333333333,6.5,0.5479999999999999,0.06975,1995.625
368,1995.1666666666667,6.5,0.5515749999999999,0.06969166666666667,1995.7083333333333
369,1995.25,6.5,0.5544833333333333,0.069075,1995.7916666666667
370,1995.3333333333333,6.5,0.5511416666666666,0.06910833333333333,1995.875
371,1995.4166666666667,6.5,0.5460083333333333,0.06878333333333334,1995.9583333333333
372,1995.5,6.5,0.5414166666666667,0.068825,1996.0416666666667
373,1995.5833333333333,6.5,0.54235,0.06845833333333333,1996.125
374,1995.6666666666667,6.5,0.5393666666666668,0.06835,1996.2083333333333
375,1995.75,6.5,0.5447333333333334,0.06816666666666667,1996.2916666666667
376,1995.8333333333333,6.5,0.5443583333333334,0.06820000000000001,1996.375
377,1995.9166666666667,6.5,0.5497833333333334,0.06772500000000001,1996.4583333333333
378,1996.0,6.5,0.5481333333333335,0.06738333333333334,1996.5416666666667
379,1996.0833333333333,6.5,0.5492250000000001,0.06714166666666667,1996.625
380,1996.1666666666667,6.5,0.5500416666666667,0.06661666666666667,1996.7083333333333
381,1996.25,6.5,0.5504083333333334,0.06657500000000001,1996.7916666666667
382,1996.3333333333333,6.5,0.55135,0.06654166666666667,1996.875
383,1996.4166666666667,6.5,0.5586083333333334,0.06699999999999999,1996.9583333333333
384,1996.5,6.5,0.5620083333333333,0.06692499999999998,1997.0416666666667
385,1996.5833333333333,6.5,0.5657333333333334,0.06691666666666668,1997.125
386,1996.6666666666667,6.5,0.5724666666666667,0.06669166666666666,1997.2083333333333
387,1996.75,6.5,0.5795416666666665,0.06590833333333333,1997.2916666666667
388,1996.8333333333333,6.5,0.584825,0.06584999999999999,1997.375
389,1996.9166666666667,6.5,0.5907999999999999,0.06583333333333334,1997.4583333333333
390,1997.0,6.5,0.5949833333333333,0.06597499999999999,1997.5416666666667
391,1997.0833333333333,6.5,0.6049583333333334,0.06560833333333334,1997.625
392,1997.1666666666667,6.5,0.6115083333333333,0.06513333333333333,1997.7083333333333
393,1997.25,6.5,0.6226333333333333,0.06457500000000001,1997.7916666666667
394,1997.3333333333333,6.5,0.6277166666666666,0.06409166666666667,1997.875
395,1997.4166666666667,6.5,0.6364333333333334,0.06449166666666667,1997.9583333333333
396,1997.5,6.5,0.636475,0.06449166666666667,1998.0416666666667
397,1997.5833333333333,6.5,0.6425833333333333,0.06395,1998.125
398,1997.6666666666667,6.5,0.6451083333333333,0.063775,1998.2083333333333
399,1997.75,6.5,0.6462000000000001,0.06381666666666667,1998.2916666666667
400,1997.8333333333333,6.5,0.6500916666666666,0.06400833333333333,1998.375
401,1997.9166666666667,6.5,0.6556916666666667,0.06406666666666667,1998.4583333333333
402,1998.0,6.5,0.6596833333333334,0.063975,1998.5416666666667
403,1998.0833333333333,6.5,0.6631333333333332,0.06396666666666667,1998.625
404,1998.1666666666667,6.5,0.6699833333333333,0.06420000000000001,1998.7083333333333
405,1998.25,6.5,0.6778,0.063825,1998.7916666666667
406,1998.3333333333333,6.5,0.6841916666666666,0.06365833333333333,1998.875
407,1998.4166666666667,6.5,0.6920583333333333,0.06359166666666667,1998.9583333333333
408,1998.5,6.5,0.7011333333333333,0.06336666666666667,1999.0416666666667
409,1998.5833333333333,6.5,0.7055,0.06331666666666667,1999.125
410,1998.6666666666667,6.5,0.7193249999999999,0.06341666666666666,1999.2083333333333
411,1998.75,6.5,0.7242833333333333,0.06351666666666668,1999.2916666666667
412,1998.8333333333333,6.5,0.7261916666666667,0.06368333333333334,1999.375
413,1998.9166666666667,6.5,0.7250083333333334,0.06348333333333334,1999.4583333333333
414,1999.0,6.5,0.7229583333333333,0.06354166666666666,1999.5416666666667
415,1999.0833333333333,6.5,0.7196833333333333,0.06325833333333335,1999.625
416,1999.1666666666667,6.5,0.7216083333333334,0.06323333333333334,1999.7083333333333
417,1999.25,6.5,0.722425,0.06352500000000001,1999.7916666666667
418,1999.3333333333333,6.5,0.7237333333333335,0.063225,1999.875
419,1999.4166666666667,6.5,0.7280916666666666,0.06331666666666667,1999.9583333333333
420,1999.5,6.5,0.7294583333333333,0.06346666666666666,2000.0416666666667
421,1999.5833333333333,6.5,0.7315166666666667,0.06365833333333333,2000.125
422,1999.6666666666667,6.5,0.72555,0.0637,2000.2083333333333
423,1999.75,6.5,0.7305833333333334,0.06358333333333334,2000.2916666666667
424,1999.8333333333333,6.5,0.735375,0.06394166666666666,2000.375
425,1999.9166666666667,6.5,0.74075,0.06395833333333333,2000.4583333333333
426,2000.0,6.5,0.743475,0.06285,2000.5416666666667
427,2000.0833333333333,6.5,0.7441166666666668,0.06295,2000.625
428,2000.1666666666667,6.5,0.74315,0.0626,2000.7083333333333
429,2000.25,6.5,0.7488166666666667,0.06280000000000001,2000.7916666666667
430,2000.3333333333333,6.5,0.7535166666666666,0.06260833333333334,2000.875
431,2000.4166666666667,6.5,0.7591500000000001,0.06269166666666666,2000.9583333333333
432,2000.5,6.5,0.7654333333333334,0.0629,2001.0416666666667
433,2000.5833333333333,6.5,0.7688166666666667,0.06285833333333334,2001.125
434,2000.6666666666667,6.5,0.7724083333333334,0.06285833333333332,2001.2083333333333
435,2000.75,6.5,0.7788333333333334,0.06258333333333334,2001.2916666666667
436,2000.8333333333333,6.5,0.7818083333333334,0.06274166666666667,2001.375
437,2000.9166666666667,6.5,0.7833083333333334,0.062775,2001.4583333333333
438,2001.0,6.5,0.78995,0.06281666666666666,2001.5416666666667
439,2001.0833333333333,6.5,0.7912916666666667,0.0628,2001.625
440,2001.1666666666667,6.5,0.7938916666666668,0.06286666666666667,2001.7083333333333
441,2001.25,6.5,0.7987416666666667,0.06259166666666667,2001.7916666666667
442,2001.3333333333333,6.5,0.8055583333333334,0.062474999999999996,2001.875
443,2001.4166666666667,6.5,0.8090166666666667,0.06259166666666667,2001.9583333333333
444,2001.5,6.5,0.8147583333333335,0.062875,2002.0416666666667
445,2001.5833333333333,6.5,0.8267166666666668,0.0626,2002.125
446,2001.6666666666667,6.5,0.8305166666666667,0.06260833333333334,2002.2083333333333
447,2001.75,6.5,0.8342333333333334,0.06258333333333334,2002.2916666666667
448,2001.8333333333333,6.5,0.8418500000000001,0.06251666666666668,2002.375
449,2001.9166666666667,6.5,0.8497250000000001,0.06295833333333332,2002.4583333333333
450,2002.0,6.5,0.85155,0.06308333333333334,2002.5416666666667
451,2002.0833333333333,6.5,0.85755,0.06326666666666667,2002.625
452,2002.1666666666667,6.5,0.8619583333333334,0.06321666666666667,2002.7083333333333
453,2002.25,6.5,0.864475,0.06335,2002.7916666666667
454,2002.3333333333333,6.5,0.866275,0.06351666666666667,2002.875
455,2002.4166666666667,6.5,0.8682833333333335,0.06339166666666667,2002.9583333333333
456,2002.5,6.5,0.8690833333333335,0.06356666666666667,2003.0416666666667
457,2002.5833333333333,6.5,0.8650500000000001,0.06353333333333333,2003.125
458,2002.6666666666667,6.5,0.8549000000000001,0.06353333333333334,2003.2083333333333
459,2002.75,6.5,0.8623666666666667,0.06361666666666667,2003.2916666666667
460,2002.8333333333333,6.5,0.86195,0.06379166666666666,2003.375
461,2002.9166666666667,6.5,0.85985,0.06407500000000001,2003.4583333333333
462,2003.0,6.5,0.856625,0.06474166666666667,2003.5416666666667
463,2003.0833333333333,6.5,0.8552833333333335,0.06464166666666667,2003.625
464,2003.1666666666667,6.5,0.850775,0.06455833333333333,2003.7083333333333
465,2003.25,6.5,0.8521249999999999,0.06483333333333334,2003.7916666666667
466,2003.3333333333333,6.5,0.8564083333333332,0.06494166666666666,2003.875
467,2003.4166666666667,6.5,0.8634083333333334,0.06521666666666666,2003.9583333333333
468,2003.5,6.5,0.86095,0.06545833333333333,2004.0416666666667
469,2003.5833333333333,6.5,0.8619916666666666,0.0654,2004.125
470,2003.6666666666667,6.5,0.8573666666666667,0.06570833333333333,2004.2083333333333
471,2003.75,6.5,0.862225,0.06524999999999999,2004.2916666666667
472,2003.8333333333333,6.5,0.8667499999999999,0.06513333333333333,2004.375
473,2003.9166666666667,6.5,0.8708833333333333,0.06531666666666666,2004.4583333333333
474,2004.0,6.5,0.8728333333333335,0.06518333333333333,2004.5416666666667
475,2004.0833333333333,6.5,0.8767333333333334,0.06505,2004.625
476,2004.1666666666667,6.5,0.8797083333333333,0.065175,2004.7083333333333
477,2004.25,6.5,0.88365,0.06534999999999999,2004.7916666666667
478,2004.3333333333333,6.5,0.8850750000000001,0.065425,2004.875
479,2004.4166666666667,6.5,0.8887833333333333,0.06584166666666666,2004.9583333333333
480,2004.5,6.5,0.8867833333333334,0.06587499999999999,2005.0416666666667
481,2004.5833333333333,6.5,0.8930250000000001,0.065775,2005.125
482,2004.6666666666667,6.5,0.8947083333333334,0.06611666666666667,2005.2083333333333
483,2004.75,6.5,0.8991,0.06596666666666666,2005.2916666666667
484,2004.8333333333333,6.5,0.9002416666666666,0.066,2005.375
485,2004.9166666666667,6.5,0.9049083333333334,0.06593333333333333,2005.4583333333333
486,2005.0,6.5,0.9078083333333333,0.06597499999999999,2005.5416666666667
487,2005.0833333333333,6.5,0.910625,0.06624166666666667,2005.625
488,2005.1666666666667,6.5,0.9126916666666667,0.06610833333333334,2005.7083333333333
489,2005.25,6.5,0.9156750000000001,0.06611666666666666,2005.7916666666667
490,2005.3333333333333,6.5,0.9242166666666667,0.06610833333333334,2005.875
491,2005.4166666666667,6.5,0.9345166666666667,0.06651666666666667,2005.9583333333333
492,2005.5,6.5,0.9380416666666667,0.06655833333333333,2006.0416666666667
493,2005.5833333333333,6.5,0.937675,0.066625,2006.125
494,2005.6666666666667,6.5,0.9376583333333334,0.066525,2006.2083333333333
495,2005.75,6.5,0.9366333333333333,0.06678333333333333,2006.2916666666667
496,2005.8333333333333,6.5,0.9387916666666667,0.06693333333333333,2006.375
497,2005.9166666666667,6.5,0.9362833333333334,0.06756666666666668,2006.4583333333333
498,2006.0,6.5,0.9388583333333334,0.067825,2006.5416666666667
499,2006.0833333333333,6.5,0.94205,0.06816666666666667,2006.625
500,2006.1666666666667,6.5,0.9475916666666667,0.06815833333333333,2006.7083333333333
501,2006.25,6.5,0.9493833333333335,0.06841666666666667,2006.7916666666667
502,2006.3333333333333,6.5,0.9535250000000001,0.06858333333333334,2006.875
503,2006.4166666666667,6.5,0.9495333333333335,0.06875833333333334,2006.9583333333333
504,2006.5,6.5,0.9507916666666667,0.06905000000000001,2007.0416666666667
505,2006.5833333333333,6.5,0.9435166666666668,0.06912500000000002,2007.125
506,2006.6666666666667,6.5,0.9344750000000001,0.06908333333333333,2007.2083333333333
507,2006.75,6.5,0.9280833333333334,0.06916666666666667,2007.2916666666667
508,2006.8333333333333,6.5,0.9317583333333334,0.06929999999999999,2007.375
509,2006.9166666666667,6.5,0.9344083333333335,0.06938333333333334,2007.4583333333333
510,2007.0,6.5,0.9376750000000001,0.06983333333333333,2007.5416666666667
511,2007.0833333333333,6.5,0.935625,0.06999166666666667,2007.625
512,2007.1666666666667,6.5,0.93685,0.07013333333333333,2007.7083333333333
513,2007.25,6.5,0.9370583333333333,0.07047500000000001,2007.7916666666667
514,2007.3333333333333,6.5,0.94065,0.07079999999999999,2007.875
515,2007.4166666666667,6.5,0.9424416666666667,0.07104166666666666,2007.9583333333333
516,2007.5,6.5,0.9423833333333334,0.07168333333333334,2008.0416666666667
517,2007.5833333333333,6.5,0.9399500000000001,0.07175,2008.125
518,2007.6666666666667,6.5,0.9405999999999999,0.07178333333333334,2008.2083333333333
519,2007.75,6.5,0.942,0.07184166666666665,2008.2916666666667
520,2007.8333333333333,6.5,0.9409416666666667,0.071975,2008.375
521,2007.9166666666667,6.5,0.9413250000000001,0.07185,2008.4583333333333
522,2008.0,6.5,0.9458749999999999,0.07183333333333333,2008.5416666666667
523,2008.0833333333333,6.5,0.946025,0.072,2008.625
524,2008.1666666666667,6.5,0.9471166666666666,0.071825,2008.7083333333333
525,2008.25,6.5,0.9495416666666666,0.07202499999999999,2008.7916666666667
526,2008.3333333333333,6.5,0.9484916666666667,0.07199166666666666,2008.875
527,2008.4166666666667,6.5,0.9546,0.07244999999999999,2008.9583333333333
528,2008.5,6.5,0.9509166666666667,0.07295833333333332,2009.0416666666667
529,2008.5833333333333,6.5,0.9525500000000001,0.07265833333333332,2009.125
530,2008.6666666666667,6.5,0.9443333333333332,0.07254999999999999,2009.2083333333333
531,2008.75,6.5,0.9443833333333334,0.07234999999999998,2009.2916666666667
532,2008.8333333333333,6.5,0.9469000000000001,0.07250833333333334,2009.375
533,2008.9166666666667,6.5,0.9550166666666667,0.0729,2009.4583333333333
534,2009.0,6.5,0.9581416666666667,0.072975,2009.5416666666667
535,2009.0833333333333,6.5,0.9629583333333334,0.07290833333333332,2009.625
536,2009.1666666666667,6.5,0.9687583333333334,0.07314999999999999,2009.7083333333333
537,2009.25,6.5,0.9728833333333334,0.07312500000000001,2009.7916666666667
538,2009.3333333333333,6.5,0.9746250000000001,0.07338333333333334,2009.875
539,2009.4166666666667,6.5,0.9699333333333334,0.07345,2009.9583333333333
540,2009.5,6.5,0.9749166666666668,0.07375833333333333,2010.0416666666667
541,2009.5833333333333,6.5,0.9758416666666666,0.07329999999999999,2010.125
542,2009.6666666666667,6.5,0.981675,0.07353333333333333,2010.2083333333333
543,2009.75,6.5,0.9831083333333334,0.07343333333333334,2010.2916666666667
544,2009.8333333333333,6.5,0.9809666666666668,0.07323333333333333,2010.375
545,2009.9166666666667,6.5,0.9818250000000001,0.07334166666666667,2010.4583333333333
546,2010.0,6.5,0.9820666666666666,0.073675,2010.5416666666667
547,2010.0833333333333,6.5,0.9811333333333333,0.07363333333333334,2010.625
548,2010.1666666666667,6.5,0.9833416666666667,0.07368333333333334,2010.7083333333333
549,2010.25,6.5,0.9812583333333333,0.07384166666666667,2010.7916666666667
550,2010.3333333333333,6.5,0.9823666666666667,0.07405,2010.875
551,2010.4166666666667,6.5,0.9823833333333333,0.07418333333333334,2010.9583333333333
552,2010.5,6.5,0.9874833333333333,0.07463333333333334,2011.0416666666667
553,2010.5833333333333,6.5,0.995325,0.07505000000000002,2011.125
554,2010.6666666666667,6.5,1.0032916666666667,0.07484166666666668,2011.2083333333333
555,2010.75,6.5,1.0129916666666667,0.07511666666666668,2011.2916666666667
556,2010.8333333333333,6.5,1.0220416666666667,0.07540000000000001,2011.375
557,2010.9166666666667,6.5,1.0290583333333332,0.075675,2011.4583333333333
558,2011.0,6.5,1.0281166666666666,0.07565000000000001,2011.5416666666667
559,2011.0833333333333,6.5,1.0304499999999999,0.07595,2011.625
560,2011.1666666666667,6.5,1.033675,0.07595833333333335,2011.7083333333333
561,2011.25,6.5,1.0360083333333334,0.07600833333333333,2011.7916666666667
562,2011.3333333333333,6.5,1.0354083333333333,0.076425,2011.875
563,2011.4166666666667,6.5,1.0375,0.07719999999999999,2011.9583333333333
564,2011.5,6.5,1.0367333333333333,0.07733333333333334,2012.0416666666667
565,2011.5833333333333,6.5,1.0332166666666667,0.07735833333333335,2012.125
566,2011.6666666666667,6.5,1.0390416666666666,0.07745,2012.2083333333333
567,2011.75,6.5,1.0452249999999998,0.07761666666666667,2012.2916666666667
568,2011.8333333333333,6.5,1.0438416666666666,0.07779166666666668,2012.375
569,2011.9166666666667,6.5,1.0444166666666665,0.07773333333333333,2012.4583333333333
570,2012.0,6.5,1.043575,0.07791666666666666,2012.5416666666667
571,2012.0833333333333,6.5,1.0443666666666667,0.07791666666666668,2012.625
572,2012.1666666666667,6.5,1.045725,0.07788333333333333,2012.7083333333333
573,2012.25,6.5,1.0463083333333334,0.07785,2012.7916666666667
574,2012.3333333333333,6.5,1.048125,0.07784166666666667,2012.875
575,2012.4166666666667,6.5,1.04845,0.07810833333333335,2012.9583333333333
576,2012.5,6.5,1.0534666666666668,0.0781,2013.0416666666667
577,2012.5833333333333,6.5,1.0606833333333334,0.07804166666666666,2013.125
578,2012.6666666666667,6.5,1.0661583333333335,0.07813333333333335,2013.2083333333333
579,2012.75,6.5,1.064425,0.07805833333333334,2013.2916666666667
580,2012.8333333333333,6.5,1.0673833333333334,0.07795833333333334,2013.375
581,2012.9166666666667,6.5,1.0705916666666666,0.0784,2013.4583333333333
582,2013.0,6.5,1.0733,0.07806666666666667,2013.5416666666667
583,2013.0833333333333,6.5,1.0757666666666665,0.07827500000000001,2013.625
584,2013.1666666666667,6.5,1.079825,0.07885833333333334,2013.7083333333333
585,2013.25,6.5,1.0806416666666665,0.0791,2013.7916666666667
586,2013.3333333333333,6.5,1.0820583333333333,0.07880833333333334,2013.875
587,2013.4166666666667,6.5,1.079,0.07875833333333333,2013.9583333333333
588,2013.5,6.5,1.0828916666666666,0.07844166666666667,2014.0416666666667
589,2013.5833333333333,6.5,1.0854916666666667,0.07825,2014.125
590,2013.6666666666667,6.5,1.0879249999999998,0.0777,2014.2083333333333
591,2013.75,6.5,1.0962500000000002,0.07758333333333334,2014.2916666666667
592,2013.8333333333333,6.5,1.1005916666666666,0.07753333333333336,2014.375
593,2013.9166666666667,6.5,1.1019583333333334,0.07719166666666667,2014.4583333333333
594,2014.0,6.5,1.1038333333333332,0.07739166666666666,2014.5416666666667
595,2014.0833333333333,6.5,1.1052666666666666,0.07731666666666666,2014.625
596,2014.1666666666667,6.5,1.1072166666666665,0.07723333333333333,2014.7083333333333
597,2014.25,6.5,1.107725,0.07742500000000001,2014.7916666666667
598,2014.3333333333333,6.5,1.11265,0.07716666666666668,2014.875
599,2014.4166666666667,6.5,1.1145583333333333,0.07692500000000001,2014.9583333333333
600,2014.5,6.5,1.1234,0.07696666666666666,2015.0416666666667
601,2014.5833333333333,6.5,1.1308833333333335,0.07705833333333333,2015.125
602,2014.6666666666667,6.5,1.1383249999999998,0.07694166666666667,2015.2083333333333
603,2014.75,6.5,1.141175,0.07713333333333333,2015.2916666666667
604,2014.8333333333333,6.5,1.1437083333333333,0.07709166666666666,2015.375
605,2014.9166666666667,6.5,1.1452416666666667,0.07728333333333334,2015.4583333333333
606,2015.0,6.5,1.147475,0.07725,2015.5416666666667
607,2015.0833333333333,6.5,1.150091666666667,0.07721666666666667,2015.625
608,2015.1666666666667,6.5,1.151575,0.07734166666666666,2015.7083333333333
609,2015.25,6.5,1.1562583333333334,0.0772,2015.7916666666667
610,2015.3333333333333,6.5,1.1561416666666666,0.07725,2015.875
611,2015.4166666666667,6.5,1.1582916666666667,0.07724166666666668,2015.9583333333333
612,2015.5,6.5,1.1623916666666667,0.076975,2016.0416666666667
613,2015.5833333333333,6.5,1.1667666666666667,0.07695000000000002,2016.125
614,2015.6666666666667,6.5,1.1686916666666667,0.07705833333333333,2016.2083333333333
615,2015.75,6.5,1.1737416666666667,0.07691666666666667,2016.2916666666667
616,2015.8333333333333,6.5,1.1734250000000002,0.07701666666666668,2016.375
617,2015.9166666666667,6.5,1.176825,0.07670833333333334,2016.4583333333333
618,2016.0,6.5,1.1787333333333334,0.07646666666666667,2016.5416666666667
619,2016.0833333333333,6.5,1.179841666666667,0.07634166666666667,2016.625
620,2016.1666666666667,6.5,1.179575,0.0765,2016.7083333333333
621,2016.25,6.5,1.1829166666666666,0.07621666666666667,2016.7916666666667
622,2016.3333333333333,6.5,1.186425,0.07611666666666667,2016.875
623,2016.4166666666667,6.5,1.1911666666666667,0.07590833333333331,2016.9583333333333
624,2016.5,6.5,1.1938250000000001,0.07554166666666667,2017.0416666666667
625,2016.5833333333333,6.5,1.2007249999999998,0.07549166666666668,2017.125
626,2016.6666666666667,6.5,1.2069666666666667,0.07554999999999999,2017.2083333333333
627,2016.75,6.5,1.2139916666666666,0.07559999999999999,2017.2916666666667
628,2016.8333333333333,6.5,1.2146583333333334,0.07564166666666668,2017.375
629,2016.9166666666667,6.5,1.2126416666666666,0.07604999999999999,2017.4583333333333
630,2017.0,6.5,1.214975,0.075775,2017.5416666666667
631,2017.0833333333333,6.5,1.2182333333333333,0.07605833333333333,2017.625
